,country,Variety,Points,Price
0,Argentina,Barbera,85.0,18.0
1,Argentina,Bonarda,86.5047619047619,16.62857142857143
2,Argentina,Bordeaux-style Red Blend,89.82022471910112,41.54651162790697
3,Argentina,Bordeaux-style White Blend,83.0,14.0
4,Argentina,Cabernet Blend,88.25,36.25
5,Argentina,Cabernet Franc,89.421875,45.109375
6,Argentina,Cabernet Franc-Cabernet Sauvignon,88.66666666666667,40.666666666666664
7,Argentina,Cabernet Franc-Malbec,91.0,58.5
8,Argentina,Cabernet Sauvignon,86.04814814814814,19.488805970149254
9,Argentina,Cabernet Sauvignon-Cabernet Franc,84.0,18.0
10,Argentina,Cabernet Sauvignon-Malbec,86.91666666666667,44.583333333333336
11,Argentina,Cabernet Sauvignon-Merlot,87.0,19.0
12,Argentina,Cabernet Sauvignon-Shiraz,85.33333333333333,10.0
13,Argentina,Cabernet Sauvignon-Syrah,86.0,15.0
14,Argentina,Cabernet-Malbec,86.0,11.0
15,Argentina,Cabernet-Syrah,88.0,16.0
16,Argentina,Champagne Blend,85.125,22.571428571428573
17,Argentina,Chardonnay,84.9457627118644,17.453287197231834
18,Argentina,Chardonnay-Sauvignon,84.5,12.5
19,Argentina,Chardonnay-Semillon,81.0,13.0
20,Argentina,Chardonnay-Viognier,85.16666666666667,16.666666666666668
21,Argentina,Chenin Blanc,84.0,15.5
22,Argentina,Chenin Blanc-Chardonnay,85.8,11.0
23,Argentina,Gewürztraminer,84.0,25.0
24,Argentina,Malbec,87.50331125827815,27.95797198132088
25,Argentina,Malbec Blend,90.5,66.5
26,Argentina,Malbec-Bonarda,86.4,17.8
27,Argentina,Malbec-Cabernet,91.66666666666667,113.33333333333333
28,Argentina,Malbec-Cabernet Franc,88.7,38.8
29,Argentina,Malbec-Cabernet Sauvignon,88.42857142857143,41.482142857142854
30,Argentina,Malbec-Merlot,86.28571428571429,21.0
31,Argentina,Malbec-Petit Verdot,91.0,39.5
32,Argentina,Malbec-Syrah,85.625,15.0
33,Argentina,Malbec-Tannat,84.66666666666667,36.666666666666664
34,Argentina,Malbec-Tempranillo,86.5,11.0
35,Argentina,Merlot,85.03389830508475,17.75862068965517
36,Argentina,Merlot-Cabernet Franc,87.0,27.0
37,Argentina,Moscatel,81.0,11.0
38,Argentina,Moscato,82.18181818181819,9.636363636363637
39,Argentina,Nebbiolo,88.75,64.0
40,Argentina,Petit Verdot,88.5,37.6
41,Argentina,Pinot Grigio,83.77777777777777,10.88888888888889
42,Argentina,Pinot Gris,84.88888888888889,12.571428571428571
43,Argentina,Pinot Noir,85.64761904761905,22.980582524271846
44,Argentina,Red Blend,88.3974358974359,34.14537444933921
45,Argentina,Riesling,86.0,15.0
46,Argentina,Rosado,86.66666666666667,12.0
47,Argentina,Rosé,84.13157894736842,13.432432432432432
48,Argentina,Sangiovese,81.5,18.0
49,Argentina,Sauvignon Blanc,84.34615384615384,14.833333333333334
50,Argentina,Shiraz,84.375,8.625
51,Argentina,Shiraz-Malbec,90.0,16.0
52,Argentina,Sparkling Blend,84.62068965517241,17.517241379310345
53,Argentina,Syrah,85.78947368421052,17.375
54,Argentina,Syrah-Bonarda,87.0,13.0
55,Argentina,Syrah-Malbec,89.0,14.0
56,Argentina,Syrah-Viognier,90.66666666666667,58.333333333333336
57,Argentina,Sémillon,83.58333333333333,17.916666666666668
58,Argentina,Tannat,86.5,22.0
59,Argentina,Tempranillo,83.55,13.5
61,Argentina,Tocai,85.0,14.0
62,Argentina,Torrontés,85.48571428571428,13.53305785123967
63,Argentina,Trebbiano,83.0,9.0
64,Argentina,Trousseau,88.0,60.0
65,Argentina,Viognier,84.42857142857143,13.380952380952381
66,Argentina,White Blend,84.875,20.741935483870968
67,Australia,Bordeaux-style Red Blend,89.13793103448276,67.41379310344827
68,Australia,Cabernet Blend,88.66666666666667,37.333333333333336
69,Australia,Cabernet Merlot,86.8,23.4
70,Australia,Cabernet Sauvignon,89.25187969924812,35.44106463878327
71,Australia,Cabernet Sauvignon-Merlot,88.54545454545455,32.54545454545455
72,Australia,Cabernet Sauvignon-Merlot-Shiraz,91.0,20.0
73,Australia,Cabernet Sauvignon-Sangiovese,88.0,30.0
74,Australia,Cabernet Sauvignon-Shiraz,89.9090909090909,43.45454545454545
75,Australia,Cabernet-Shiraz,96.0,150.0
76,Australia,Champagne Blend,86.125,23.5
77,Australia,Chardonnay,87.3175,25.445569620253163
78,Australia,Chardonnay-Semillon,89.66666666666667,18.333333333333332
79,Australia,Chenin Blanc,87.0,16.0
80,Australia,Durif,86.0,32.5
81,Australia,G-S-M,89.38461538461539,28.76
82,Australia,Grenache,89.55263157894737,45.19736842105263
83,Australia,Grenache-Shiraz,88.0,25.5
84,Australia,Malbec,86.8,65.6
85,Australia,Marsanne,89.4,25.4
86,Australia,Marsanne-Roussanne,88.0,42.5
87,Australia,Mataro,90.5,62.166666666666664
88,Australia,Merlot,85.73684210526316,20.68421052631579
89,Australia,Montepulciano,91.0,25.0
90,Australia,Moscato,85.53846153846153,12.076923076923077
91,Australia,Mourvèdre,91.0,50.285714285714285
92,Australia,Mourvèdre-Syrah,92.0,18.0
93,Australia,Muscadelle,94.0,160.33333333333334
94,Australia,Muscat,92.07692307692308,90.07692307692308
95,Australia,Muscat Hamburg,90.0,22.0
96,Australia,Petit Verdot,88.0,20.0
97,Australia,Petite Sirah,87.33333333333333,20.833333333333332
98,Australia,Pinot Grigio,86.0,13.5
99,Australia,Pinot Gris,87.42857142857143,18.357142857142858
100,Australia,Pinot Noir,87.43939393939394,32.28346456692913
101,Australia,Port,88.0,13.0
102,Australia,Red Blend,87.83333333333333,29.318181818181817
103,Australia,Rhône-style Red Blend,88.16666666666667,24.916666666666668
104,Australia,Rhône-style White Blend,87.8,22.0
105,Australia,Riesling,88.9205298013245,22.244897959183675
106,Australia,Rosé,87.3,19.0
107,Australia,Roussanne,88.5,45.333333333333336
108,Australia,Sangiovese,87.83333333333333,15.8
109,Australia,Sauvignon,88.0,30.0
110,Australia,Sauvignon Blanc,86.98076923076923,17.291666666666668
111,Australia,Sauvignon Blanc-Semillon,87.68181818181819,21.727272727272727
112,Australia,Savagnin,87.5,15.0
113,Australia,Semillon-Chardonnay,85.0,8.0
114,Australia,Semillon-Sauvignon Blanc,85.63636363636364,20.363636363636363
115,Australia,Shiraz,89.64193548387097,47.29011345218801
116,Australia,Shiraz-Cabernet,86.66666666666667,56.333333333333336
117,Australia,Shiraz-Cabernet Sauvignon,87.51612903225806,20.620689655172413
118,Australia,Shiraz-Grenache,89.66666666666667,28.266666666666666
119,Australia,Shiraz-Malbec,90.0,20.0
120,Australia,Shiraz-Mourvèdre,89.0,18.5
121,Australia,Shiraz-Roussanne,90.0,29.0
122,Australia,Shiraz-Viognier,89.57894736842105,53.18421052631579
123,Australia,Sparkling Blend,87.06060606060606,20.87878787878788
124,Australia,Syrah,91.625,105.5
125,Australia,Sémillon,89.05,29.6
126,Australia,Tempranillo,89.66666666666667,22.0
127,Australia,Tokay,90.71428571428571,47.0
128,Australia,Verdelho,87.0,15.4
129,Australia,Vermentino,86.33333333333333,15.666666666666666
130,Australia,Viognier,88.3030303030303,23.125
131,Australia,Viognier-Marsanne,89.0,17.0
132,Australia,White Blend,86.83333333333333,18.5625
133,Australia,Zinfandel,88.33333333333333,29.333333333333332
134,Austria,Austrian Red Blend,89.51612903225806,35.166666666666664
135,Austria,Austrian white blend,90.32911392405063,32.721311475409834
136,Austria,Blauburgunder,93.0,19.0
137,Austria,Blaufränkisch,90.20093457943925,32.5
138,Austria,Bordeaux-style Red Blend,90.5,36.5
139,Austria,Cabernet Franc,92.0,47.0
140,Austria,Cabernet Franc-Merlot,92.0,60.0
142,Austria,Cabernet Sauvignon,87.4,31.2
143,Austria,Champagne Blend,88.0,23.0
144,Austria,Chardonnay,90.3015873015873,35.27777777777778
145,Austria,Chardonnay Weissburgunder,94.0,58.0
146,Austria,Chardonnay-Pinot Blanc,90.5,47.5
147,Austria,Furmint,91.5,14.5
148,Austria,Gelber Muskateller,88.57142857142857,26.047619047619047
149,Austria,Gelber Traminer,95.0,35.0
150,Austria,Gewürztraminer,89.33333333333333,21.0
151,Austria,Grauburgunder,89.28571428571429,29.8
152,Austria,Gros Manseng,89.0,25.0
153,Austria,Grüner Veltliner,90.11831442463533,28.41329479768786
154,Austria,Merlot,91.0,35.0
155,Austria,Morillon,89.5,31.0
156,Austria,Moscato,87.0,18.5
157,Austria,Muskat,88.66666666666667,13.0
158,Austria,Muskat Ottonel,87.81818181818181,12.444444444444445
159,Austria,Muskateller,86.0,23.0
160,Austria,Neuburger,90.72727272727273,24.714285714285715
161,Austria,Nielluciu,89.0,24.0
162,Austria,Orangetraube,90.0,22.0
163,Austria,Pinot Blanc,89.375,26.458333333333332
164,Austria,Pinot Blanc-Chardonnay,90.0,23.0
165,Austria,Pinot Gris,90.06666666666666,24.7
166,Austria,Pinot Noir,90.15151515151516,37.036144578313255
167,Austria,Red Blend,89.91304347826087,34.78048780487805
168,Austria,Riesling,91.42857142857143,37.90447154471545
169,Austria,Rosenmuskateller,92.5,150.0
170,Austria,Rosé,88.0,15.39655172413793
171,Austria,Roter Traminer,89.8,30.333333333333332
172,Austria,Roter Veltliner,90.07692307692308,37.125
173,Austria,Rotgipfler,89.5,27.2
174,Austria,Sauvignon,89.0,26.0
175,Austria,Sauvignon Blanc,89.5,29.387096774193548
176,Austria,Sauvignon Blanc-Chardonnay,91.0,34.5
177,Austria,Scheurebe,91.8,58.69230769230769
178,Austria,Shiraz,91.0,45.0
179,Austria,Sparkling Blend,89.13207547169812,29.846153846153847
180,Austria,St. Laurent,89.82954545454545,30.676056338028168
181,Austria,Syrah,89.0,13.0
182,Austria,Sämling,91.2,35.5
183,Austria,Traminer,89.47368421052632,32.75
184,Austria,Weissburgunder,89.57575757575758,25.68
185,Austria,Welschriesling,89.63636363636364,30.19047619047619
186,Austria,White Blend,89.94285714285714,31.392857142857142
187,Austria,Zierfandler,90.1875,32.583333333333336
188,Austria,Zierfandler-Rotgipfler,90.4,23.75
189,Austria,Zweigelt,88.29353233830845,21.24137931034483
190,Chile,Bordeaux-style Red Blend,90.13513513513513,51.513513513513516
191,Chile,Cabernet Blend,88.96428571428571,50.32142857142857
192,Chile,Cabernet Franc,87.23684210526316,23.91891891891892
193,Chile,Cabernet Franc-Carmenère,86.0,12.0
194,Chile,Cabernet Sauvignon,86.6887159533074,20.023560209424083
195,Chile,Cabernet Sauvignon-Cabernet Franc,89.6,28.0
196,Chile,Cabernet Sauvignon-Carmenère,87.30952380952381,23.487179487179485
197,Chile,Cabernet Sauvignon-Malbec,85.66666666666667,16.333333333333332
198,Chile,Cabernet Sauvignon-Merlot,85.9,18.4
199,Chile,Cabernet Sauvignon-Syrah,86.58333333333333,18.208333333333332
200,Chile,Carignan,87.93617021276596,24.340425531914892
201,Chile,Carmenère,86.45714285714286,20.30888030888031
202,Chile,Carmenère-Cabernet Sauvignon,88.125,27.142857142857142
203,Chile,Carmenère-Syrah,87.14285714285714,23.0
204,Chile,Champagne Blend,83.0,15.0
205,Chile,Chardonnay,85.13372093023256,15.24705882352941
206,Chile,Chardonnay-Viognier,83.5,12.0
207,Chile,Cinsault,88.5,26.75
208,Chile,Gewürztraminer,84.85,14.5
209,Chile,Gewürztraminer-Riesling,88.0,11.0
210,Chile,Malbec,86.59154929577464,19.02112676056338
211,Chile,Malbec-Cabernet Sauvignon,86.0,15.0
212,Chile,Malbec-Carménère,91.0,43.0
213,Chile,Malbec-Syrah,84.0,13.0
214,Chile,Merlot,85.24418604651163,12.92578125
215,Chile,Merlot-Cabernet,86.0,15.0
216,Chile,Moscatel,88.0,13.0
217,Chile,Moscato,80.75,7.0
218,Chile,Mourvèdre,92.0,30.0
219,Chile,Muscat,85.25,21.666666666666668
220,Chile,Muscat d'Alexandrie,84.0,15.0
221,Chile,Muscatel,88.0,15.0
222,Chile,País,83.0,18.0
223,Chile,Pedro Ximénez,84.14285714285714,10.714285714285714
224,Chile,Petit Verdot,88.83333333333333,52.166666666666664
225,Chile,Petite Sirah,87.75,31.25
226,Chile,Pinot Grigio,83.0,11.8
227,Chile,Pinot Noir,85.91735537190083,19.10335195530726
228,Chile,Pinot Noir-Syrah,83.0,12.0
229,Chile,Red Blend,88.9437652811736,39.772277227722775
230,Chile,Rhône-style Red Blend,90.0,23.0
231,Chile,Rhône-style White Blend,87.0,15.0
232,Chile,Riesling,86.16666666666667,16.454545454545453
233,Chile,Rosé,84.25,12.930232558139535
234,Chile,Sauvignon Blanc,85.97950219619327,14.020740740740742
235,Chile,Sauvignon Blanc-Semillon,88.0,12.0
236,Chile,Sauvignon Gris,84.6,18.77777777777778
237,Chile,Shiraz,86.3913043478261,18.136363636363637
238,Chile,Shiraz-Cabernet Sauvignon,83.0,9.0
239,Chile,Sparkling Blend,84.64285714285714,22.0
240,Chile,Syrah,88.00732600732601,28.462962962962962
241,Chile,Syrah-Cabernet,87.33333333333333,17.333333333333332
242,Chile,Syrah-Cabernet Franc,91.0,60.0
243,Chile,Syrah-Cabernet Sauvignon,87.0,24.166666666666668
244,Chile,Syrah-Carignan,92.0,35.0
245,Chile,Syrah-Merlot,89.0,20.0
246,Chile,Sémillon,87.0,16.0
247,Chile,Tempranillo,85.5,18.0
248,Chile,Torontel,92.0,40.0
249,Chile,Viognier,84.73913043478261,13.130434782608695
250,Chile,Viognier-Chardonnay,84.0,14.6
251,Chile,White Blend,84.37037037037037,15.814814814814815
252,France,Abouriou,89.0,15.0
253,France,Aligoté,86.15,18.894736842105264
254,France,Alsace white blend,90.23529411764706,29.571428571428573
255,France,Altesse,88.75,17.875
256,France,Auxerrois,88.46153846153847,23.0
258,France,Bordeaux-style Red Blend,88.82137566137565,40.89631263788213
259,France,Bordeaux-style White Blend,88.70421155729677,34.99076923076923
260,France,Braucol,90.6,27.0
261,France,Cabernet,85.0,13.0
262,France,Cabernet Blend,84.0,13.0
263,France,Cabernet Franc,88.47976878612717,24.868613138686133
264,France,Cabernet Franc-Cabernet Sauvignon,89.72727272727273,24.9
265,France,Cabernet Merlot,85.0,12.0
266,France,Cabernet Sauvignon,85.43859649122807,18.037735849056602
267,France,Cabernet Sauvignon-Merlot,85.0,9.666666666666666
268,France,Cabernet Sauvignon-Syrah,88.0,13.5
269,France,Cabernet-Syrah,89.33333333333333,29.8
270,France,Carcajolu,88.0,21.0
271,France,Carignan,87.6,20.4
272,France,Carignan-Grenache,90.0,17.0
273,France,Carignan-Syrah,91.0,59.0
274,France,Champagne Blend,89.9597747385358,76.69622641509434
275,France,Chardonnay,89.26103988603988,57.275336322869954
276,France,Chardonnay-Pinot Gris,85.0,17.0
277,France,Chardonnay-Sauvignon,86.66666666666667,15.333333333333334
278,France,Chardonnay-Sauvignon Blanc,88.0,16.0
279,France,Chardonnay-Viognier,86.46153846153847,15.181818181818182
280,France,Chasselas,88.66666666666667,20.8
281,France,Chenin Blanc,89.22592592592592,27.804444444444446
282,France,Chenin Blanc-Chardonnay,88.46428571428571,16.818181818181817
283,France,Cinsault,86.0,14.333333333333334
284,France,Clairette,88.0,12.0
285,France,Colombard,85.66666666666667,9.636363636363637
286,France,Colombard-Sauvignon Blanc,85.38888888888889,11.0
287,France,Colombard-Ugni Blanc,85.125,10.25
288,France,Duras,88.42857142857143,21.333333333333332
289,France,Edelzwicker,90.0,19.0
291,France,Fer Servadou,87.0,16.5
292,France,Folle Blanche,85.0,16.0
293,France,G-S-M,89.0,22.833333333333332
294,France,Gamay,88.03725490196078,20.643028846153847
295,France,Gamay Noir,87.0,18.5
296,France,Gewürztraminer,89.49369747899159,34.33018867924528
297,France,Grenache,87.55555555555556,28.53846153846154
298,France,Grenache Blanc,90.66666666666667,35.5
299,France,Grenache Gris,87.0,22.0
300,France,Grenache Noir,86.0,9.0
301,France,Grenache-Carignan,89.5,20.0
302,France,Grenache-Mourvèdre,92.0,60.0
303,France,Grenache-Syrah,87.7,18.45
304,France,Grolleau,87.33333333333333,39.333333333333336
305,France,Gros Manseng,88.04166666666667,17.714285714285715
306,France,Gros Plant,86.0,16.0
307,France,Gros and Petit Manseng,89.70588235294117,20.928571428571427
308,France,Jacquère,87.5,16.869565217391305
309,France,Loin de l'Oeil,91.33333333333333,27.333333333333332
310,France,Malbec,89.55902004454343,33.54814814814815
312,France,Malbec-Cabernet Franc,85.0,30.0
313,France,Malbec-Merlot,88.5,18.90277777777778
314,France,Malbec-Tannat,92.27272727272727,30.272727272727273
315,France,Mansois,87.25,17.0
316,France,Marsanne,88.85714285714286,44.476190476190474
317,France,Marsanne-Roussanne,88.66666666666667,41.666666666666664
318,France,Marselan,87.0,12.0
319,France,Mauzac,87.71428571428571,18.0
320,France,Melon,88.46594982078852,17.179166666666667
321,France,Merlot,86.68695652173913,24.5
322,France,Merlot-Cabernet,88.0,12.0
323,France,Merlot-Cabernet Franc,88.0,23.0
324,France,Merlot-Cabernet Sauvignon,86.71428571428571,12.714285714285714
325,France,Merlot-Grenache,89.0,10.0
326,France,Merlot-Malbec,86.5,13.5
327,France,Merlot-Tannat,89.33333333333333,18.333333333333332
328,France,Mondeuse,86.91666666666667,21.0
329,France,Moscato,85.5,7.5
330,France,Mourvèdre,91.33333333333333,41.0
331,France,Muscadel,88.0,30.0
332,France,Muscadelle,90.25,37.5
333,France,Muscat,89.28571428571429,30.636363636363637
334,France,Muscat Blanc à Petits Grains,85.5,12.0
335,France,Muscat d'Alexandrie,88.0,16.0
336,France,Negrette,88.0,18.857142857142858
337,France,Nielluciu,89.0,23.0
338,France,Ondenc,90.0,15.0
339,France,Petit Courbu,88.0,19.0
340,France,Petit Manseng,91.94444444444444,32.96551724137931
342,France,Petit Verdot,92.0,40.0
343,France,Petite Verdot,84.0,25.0
344,France,Picpoul,86.2,13.555555555555555
345,France,Pinot Auxerrois,87.0,26.181818181818183
346,France,Pinot Blanc,87.0625,20.054794520547944
347,France,Pinot Blanc-Chardonnay,87.5,25.0
348,France,Pinot Gris,89.63318777292577,33.443627450980394
349,France,Pinot Meunier,90.33333333333333,70.70588235294117
350,France,Pinot Noir,89.75432349949135,81.8521573604061
351,France,Pinot Noir-Gamay,85.47058823529412,18.4375
352,France,Poulsard,87.33333333333333,26.0
353,France,Provence red blend,89.953125,29.93220338983051
354,France,Provence white blend,88.0,23.647058823529413
355,France,Prunelard,91.0,23.0
356,France,Red Blend,88.20723684210526,22.288888888888888
357,France,Rhône-style Red Blend,88.91093117408907,32.94126284875183
358,France,Rhône-style White Blend,88.30964467005076,38.068062827225134
359,France,Riesling,90.42618384401115,32.391975308641975
360,France,Rolle,88.25,22.25
361,France,Romorantin,90.66666666666667,23.333333333333332
362,France,Rosé,87.22412896515861,19.478981645944344
363,France,Roussanne,89.0909090909091,31.09090909090909
364,France,Roussanne-Marsanne,91.0,40.0
365,France,Sacy,86.5,19.0
366,France,Sauvignon,89.0,21.666666666666668
367,France,Sauvignon Blanc,88.35798499464094,26.631067961165048
368,France,Sauvignon Blanc-Chardonnay,88.0,18.0
370,France,Sauvignon Blanc-Semillon,86.0,12.0
371,France,Sauvignon Gris,87.0,14.0
372,France,Sauvignon-Sémillon,86.0,12.0
373,France,Savagnin,89.7,48.15384615384615
374,France,Sciaccerellu,88.8,37.333333333333336
375,France,Semillon-Sauvignon Blanc,86.0,15.0
376,France,Shiraz,87.5,21.0
377,France,Sparkling Blend,87.78851174934726,22.498533724340177
378,France,Sylvaner,88.125,21.545454545454547
379,France,Syrah,89.8719512195122,56.4
380,France,Syrah-Cabernet,86.0,24.0
381,France,Syrah-Carignan,89.0,18.666666666666668
382,France,Syrah-Grenache,88.8,17.214285714285715
383,France,Syrah-Merlot,86.0,11.0
384,France,Syrah-Mourvèdre,90.5,20.5
385,France,Syrah-Viognier,89.5,66.0
386,France,Sémillon,86.83333333333333,15.166666666666666
387,France,Tannat,91.50847457627118,36.35294117647059
388,France,Tannat-Cabernet,90.45161290322581,20.5
389,France,Tannat-Cabernet Franc,91.07142857142857,21.714285714285715
390,France,Tannat-Merlot,89.0,19.333333333333332
391,France,Tannat-Syrah,87.0,10.0
392,France,Tokay Pinot Gris,89.0,30.0
393,France,Trousseau,87.0,33.2
394,France,Ugni Blanc-Colombard,85.77777777777777,10.88888888888889
396,France,Vermentino,87.64,24.235294117647058
397,France,Viognier,89.22727272727273,55.625
398,France,Viognier-Chardonnay,88.0,17.0
399,France,White Blend,87.25882352941177,18.835616438356166
400,Germany,Auxerrois,89.0,19.5
402,Germany,Chardonnay,89.4,27.6
403,Germany,Chardonnay Weissburgunder,90.0,25.0
404,Germany,Chardonnay-Pinot Blanc,87.0,25.0
405,Germany,Dornfelder,85.9090909090909,12.863636363636363
406,Germany,Elbling,87.75,16.0
407,Germany,Früburgunder,90.0,40.0
408,Germany,Gewürztraminer,87.94594594594595,16.43243243243243
409,Germany,Gewürztraminer-Riesling,86.0,25.0
410,Germany,Grauburgunder,88.16666666666667,20.166666666666668
411,Germany,Lemberger,87.8,35.0
412,Germany,Muskateller,87.0,26.75
413,Germany,Müller-Thurgau,90.0,19.0
414,Germany,Pinot Blanc,88.86363636363636,20.238095238095237
415,Germany,Pinot Grigio,88.0,13.0
416,Germany,Pinot Gris,87.63636363636364,20.0
417,Germany,Pinot Noir,89.43636363636364,31.381818181818183
418,Germany,Red Blend,86.75,20.125
419,Germany,Rieslaner,89.66666666666667,39.0
420,Germany,Riesling,90.09497206703911,44.26282782212087
421,Germany,Rivaner,86.5,17.0
422,Germany,Rosé,88.66666666666667,20.90909090909091
423,Germany,Scheurebe,88.25,20.125
424,Germany,Schwartzriesling,90.0,25.0
425,Germany,Silvaner,88.5945945945946,46.888888888888886
426,Germany,Silvaner-Traminer,86.0,25.0
427,Germany,Sparkling Blend,88.35714285714286,25.0
428,Germany,Spätburgunder,90.02777777777777,60.97142857142857
429,Germany,St. Laurent,87.33333333333333,37.666666666666664
430,Germany,Traminer,88.0,48.0
431,Germany,Trollinger,90.5,21.5
432,Germany,Weissburgunder,89.35714285714286,27.071428571428573
433,Germany,White Blend,87.66666666666667,16.11111111111111
434,Italy,Aglianico,89.31686046511628,39.28673835125448
435,Italy,Albana,89.6086956521739,23.473684210526315
436,Italy,Albanello,86.0,20.0
437,Italy,Albarossa,88.0,40.0
438,Italy,Aleatico,86.6,39.75
439,Italy,Alicante,87.4,23.0
440,Italy,Ansonica,86.5,26.0
441,Italy,Arneis,87.12676056338029,20.584615384615386
442,Italy,Asprinio,84.0,15.0
443,Italy,Barbera,87.8643006263048,25.189333333333334
444,Italy,Biancale,85.0,18.0
445,Italy,Biancolella,85.0,26.0
446,Italy,Bombino Bianco,87.0,30.0
447,Italy,Bombino Nero,87.0,11.0
448,Italy,Bordeaux-style Red Blend,89.5,56.5
449,Italy,Bovale,89.75,30.0
450,Italy,Brachetto,83.8,17.8
451,Italy,Cabernet,87.14285714285714,13.4
452,Italy,Cabernet Blend,88.33333333333333,46.666666666666664
453,Italy,Cabernet Franc,91.0,86.25
454,Italy,Cabernet Sauvignon,89.13740458015268,44.04237288135593
455,Italy,Cabernet Sauvignon-Merlot,92.0,61.5
456,Italy,Cabernet Sauvignon-Shiraz,86.0,10.0
457,Italy,Canaiolo,88.33333333333333,40.666666666666664
458,Italy,Cannonau,87.96774193548387,25.25
459,Italy,Caprettone,92.0,19.0
460,Italy,Carignano,90.06666666666666,36.785714285714285
461,Italy,Carmenère,90.0,40.0
462,Italy,Carricante,89.83783783783784,40.4054054054054
463,Italy,Casavecchia,87.0,46.4
464,Italy,Catalanesca,89.0,19.0
465,Italy,Catarratto,86.79310344827586,20.16
466,Italy,Centesimino,92.0,36.0
467,Italy,Cesanese,90.0,20.0
468,Italy,Cesanese d'Affile,88.125,22.125
469,Italy,Champagne Blend,87.8,24.9
470,Italy,Chardonnay,88.17964071856288,31.794871794871796
471,Italy,Ciliegiolo,87.66666666666667,30.666666666666668
472,Italy,Cococciola,86.0,20.0
473,Italy,Coda di Volpe,85.22222222222223,19.666666666666668
474,Italy,Colorino,86.0,40.0
475,Italy,Cortese,86.49295774647888,21.796875
476,Italy,Corvina,88.5909090909091,43.3
477,Italy,"Corvina, Rondinella, Molinara",88.24394184168013,47.90725806451613
478,Italy,Dolcetto,87.14615384615385,19.991525423728813
479,Italy,Durella,89.66666666666667,31.11111111111111
480,Italy,Erbaluce,88.0,28.666666666666668
481,Italy,Falanghina,87.22988505747126,20.794520547945204
482,Italy,Favorita,90.0,40.0
483,Italy,Fiano,88.21830985915493,28.05785123966942
484,Italy,Francisa,91.0,160.0
485,Italy,Franconia,86.0,16.0
486,Italy,Frappato,87.58974358974359,22.5
487,Italy,Freisa,86.5,21.0
488,Italy,Friulano,87.91803278688525,23.714285714285715
489,Italy,Gaglioppo,86.66666666666667,21.214285714285715
490,Italy,Garganega,87.63703703703703,20.646788990825687
491,Italy,Gewürztraminer,88.45652173913044,31.133333333333333
492,Italy,Glera,87.24400564174894,20.117549668874172
493,Italy,Gragnano,82.5,16.5
494,Italy,Grecanico,87.33333333333333,21.142857142857142
495,Italy,Grechetto,86.6,16.818181818181817
496,Italy,Greco,88.45833333333333,26.636363636363637
497,Italy,Greco Bianco,86.33333333333333,16.5
498,Italy,Grenache,90.0,230.0
499,Italy,Grignolino,86.0,17.0
500,Italy,Grillo,87.0,17.798165137614678
501,Italy,Groppello,87.0,23.0
502,Italy,Grüner Veltliner,88.4,24.0
503,Italy,Incrocio Manzoni,88.0,26.333333333333332
504,Italy,Insolia,86.51515151515152,16.884615384615383
505,Italy,Inzolia,86.0,14.925925925925926
506,Italy,Kerner,88.76923076923077,23.28
507,Italy,Lagrein,88.65753424657534,32.63380281690141
508,Italy,Lambrusco,84.72,15.666666666666666
509,Italy,Lambrusco Grasparossa,87.44444444444444,18.25
510,Italy,Lambrusco Salamino,88.66666666666667,20.0
511,Italy,Lambrusco di Sorbara,89.63157894736842,20.529411764705884
512,Italy,Magliocco,89.0,30.0
513,Italy,Malbec,89.0,30.0
514,Italy,Malvar,88.0,35.0
515,Italy,Malvasia,87.29629629629629,27.541666666666668
516,Italy,Malvasia Bianca,88.0,26.0
517,Italy,Malvasia Istriana,85.33333333333333,18.5
518,Italy,Malvasia Nera,87.16666666666667,39.333333333333336
519,Italy,Malvasia di Candia,87.0,22.5
520,Italy,Mantonico,87.71428571428571,27.8
521,Italy,Manzoni,86.875,22.6
522,Italy,Marzemino,86.33333333333333,52.333333333333336
523,Italy,Merlot,89.48,92.76086956521739
524,Italy,Merlot-Cabernet,86.0,19.0
525,Italy,Molinara,87.0,25.0
526,Italy,Mondeuse,89.5,48.0
527,Italy,Monica,86.5,16.0
528,Italy,Montepulciano,86.765625,24.724719101123597
529,Italy,Moscadello,90.0,40.0
530,Italy,Moscato,86.84210526315789,21.08641975308642
531,Italy,Moscato Giallo,87.0,23.083333333333332
532,Italy,Moscato Rosa,90.0,33.5
533,Italy,Moscato di Noto,92.0,40.0
534,Italy,Muscat,86.0,10.0
535,Italy,Müller-Thurgau,87.42424242424242,22.393939393939394
536,Italy,Nascetta,87.71428571428571,27.0
537,Italy,Nasco,90.5,37.5
538,Italy,Nebbiolo,90.30555555555556,66.44724061810155
539,Italy,Negroamaro,86.73417721518987,18.47945205479452
540,Italy,Nerello Cappuccio,89.83333333333333,36.833333333333336
541,Italy,Nerello Mascalese,89.68376068376068,41.14414414414414
542,Italy,Nero d'Avola,87.4432132963989,23.263975155279503
543,Italy,Nero di Troia,87.63157894736842,28.444444444444443
544,Italy,Nosiola,88.125,30.875
545,Italy,Nuragus,88.33333333333333,16.0
546,Italy,Pallagrello,87.7,35.77777777777778
547,Italy,Pallagrello Bianco,87.6,31.6
548,Italy,Pallagrello Nero,87.8,41.0
549,Italy,Passerina,85.91666666666667,16.75
550,Italy,Pecorino,87.20370370370371,19.91304347826087
551,Italy,Perricone,87.9,27.285714285714285
552,Italy,Petit Manseng,88.0,38.666666666666664
553,Italy,Petit Verdot,89.75,38.0
554,Italy,Picolit,91.11111111111111,70.0909090909091
555,Italy,Piedirosso,86.5,21.307692307692307
556,Italy,Pigato,84.0,23.0
557,Italy,Pignoletto,84.5,16.333333333333332
558,Italy,Pignolo,92.0,70.0
559,Italy,Pinot Bianco,88.44805194805195,25.42361111111111
560,Italy,Pinot Grigio,86.56033057851239,18.207513416815743
561,Italy,Pinot Nero,88.75555555555556,35.05696202531646
562,Italy,Pinot Noir,86.83333333333333,24.5
563,Italy,Primitivo,86.71186440677967,21.78
564,Italy,Prié Blanc,88.33333333333333,24.2
565,Italy,Prosecco,86.40851063829787,19.315
566,Italy,Prugnolo Gentile,88.72093023255815,47.53125
567,Italy,Pugnitello,87.66666666666667,49.0
568,Italy,Raboso,86.25,25.266666666666666
569,Italy,Rebo,88.0,27.0
570,Italy,Red Blend,88.80022075055187,39.68556543058535
571,Italy,Refosco,86.44444444444444,29.714285714285715
572,Italy,Ribolla Gialla,87.59210526315789,28.23611111111111
573,Italy,Riesling,87.83333333333333,21.0
574,Italy,Rosato,86.81632653061224,17.34567901234568
576,Italy,Rosé,85.83561643835617,15.666666666666666
577,Italy,Roviello,92.5,28.0
578,Italy,Ruché,86.83333333333333,26.666666666666668
579,Italy,Sagrantino,89.93,53.38202247191011
580,Italy,Sangiovese,88.80706401766004,49.15618556701031
581,Italy,Sangiovese Grosso,90.53466666666667,65.67006802721089
582,Italy,Sauvignon,88.23489932885906,27.06338028169014
583,Italy,Sauvignon Blanc,86.95918367346938,23.22222222222222
584,Italy,Schiava,88.17391304347827,19.043478260869566
585,Italy,Shiraz,87.0,16.75
587,Italy,Sirica,92.5,23.0
588,Italy,Sparkling Blend,88.52298850574712,40.57347670250896
589,Italy,Susumaniello,89.66666666666667,30.8
590,Italy,Sylvaner,88.6923076923077,23.615384615384617
591,Italy,Syrah,88.9047619047619,52.85271317829457
592,Italy,Sémillon,86.0,15.0
593,Italy,Tannat,86.0,28.0
594,Italy,Tempranillo,88.66666666666667,31.0
595,Italy,Teroldego,89.9375,33.9375
596,Italy,Teroldego Rotaliano,86.0,15.0
597,Italy,Timorasso,90.6,41.6
598,Italy,Tintilia ,87.0,25.0
599,Italy,Tocai,88.66666666666667,22.25
600,Italy,Tocai Friulano,86.85714285714286,38.2
601,Italy,Torbato,91.0,20.0
602,Italy,Traminer,87.11111111111111,16.857142857142858
603,Italy,Trebbiano,87.29787234042553,23.82051282051282
604,Italy,Trebbiano Spoletino,87.71428571428571,22.4
605,Italy,Trebbiano di Lugana,87.66666666666667,29.333333333333332
606,Italy,Turbiana,88.82165605095541,23.89041095890411
607,Italy,Uva di Troia,87.6923076923077,24.46153846153846
608,Italy,Uvalino,88.0,29.0
609,Italy,Veltliner,90.0,29.5
610,Italy,Verdeca,86.2,15.6
611,Italy,Verdicchio,87.83536585365853,21.987577639751553
612,Italy,Verduzzo,89.66666666666667,33.0
613,Italy,Verduzzo Friulano ,88.66666666666667,54.333333333333336
614,Italy,Vermentino,87.60759493670886,22.69503546099291
615,Italy,Vermentino Nero,88.0,45.0
616,Italy,Vernaccia,87.29710144927536,18.634920634920636
617,Italy,Vespaiolo,92.0,40.0
618,Italy,Vespolina,88.0,25.0
619,Italy,Viognier,87.07692307692308,30.166666666666668
620,Italy,Vitovska,90.5,85.0
621,Italy,White Blend,87.90757381258022,28.104545454545455
622,Italy,Zibibbo,89.64516129032258,37.357142857142854
623,Portugal,Alfrocheiro,88.6875,26.5625
624,Portugal,Alicante Bouschet,89.65116279069767,32.34146341463415
625,Portugal,Alvarelhão,88.0,24.0
626,Portugal,Alvarinho,88.79411764705883,19.347826086956523
627,Portugal,Alvarinho-Chardonnay,87.0,11.25
628,Portugal,Antão Vaz,87.70588235294117,19.764705882352942
629,Portugal,Aragonez,87.7,23.5
630,Portugal,Aragonês,88.6,29.571428571428573
631,Portugal,Arinto,87.11688311688312,15.863636363636363
632,Portugal,Avesso,88.0,16.333333333333332
633,Portugal,Azal,86.0,13.666666666666666
634,Portugal,Baga,90.13793103448276,36.25925925925926
635,Portugal,Baga-Touriga Nacional,91.0,40.0
636,Portugal,Bastardo,86.0,32.0
637,Portugal,Bical,86.38461538461539,15.25
638,Portugal,Bordeaux-style Red Blend,93.0,41.2
639,Portugal,Bual,94.14285714285714,100.0
640,Portugal,Cabernet Blend,86.0,13.0
641,Portugal,Cabernet Sauvignon,88.125,19.4
642,Portugal,Cabernet Sauvignon-Syrah,90.0,22.0
643,Portugal,Castelão,87.41176470588235,16.5
644,Portugal,Cerceal,89.66666666666667,44.666666666666664
645,Portugal,Cercial,88.0,50.0
646,Portugal,Chardonnay,87.6470588235294,17.647058823529413
647,Portugal,Chardonnay-Viognier,86.0,20.0
648,Portugal,Chenin Blanc,90.33333333333333,19.666666666666668
649,Portugal,Códega do Larinho,87.75,18.0
650,Portugal,Encruzado,89.64102564102564,24.147058823529413
652,Portugal,Fernão Pires,87.25,20.928571428571427
653,Portugal,Gewürztraminer,85.0,20.0
654,Portugal,Gewürztraminer-Riesling,82.0,28.0
655,Portugal,Gouveio,88.5,22.5
656,Portugal,Jaen,90.0,33.2
657,Portugal,Jampal,88.0,25.0
658,Portugal,Loureiro,87.3103448275862,12.875
659,Portugal,Loureiro-Arinto,86.0,10.0
660,Portugal,Madeira Blend,88.0,49.0
661,Portugal,Malvasia,88.0,30.0
662,Portugal,Malvasia Fina,88.0,23.5
663,Portugal,Maria Gomes,88.0,11.0
664,Portugal,Maria Gomes-Bical,86.0,25.0
665,Portugal,Merlot,88.14285714285714,19.75
666,Portugal,Merlot-Syrah,88.0,24.0
667,Portugal,Moscatel,89.41176470588235,48.92857142857143
668,Portugal,Moscatel Graúdo,87.5,13.0
669,Portugal,Moscatel Roxo,89.5,22.0
670,Portugal,Muscat,87.0,8.5
671,Portugal,Petit Verdot,89.77777777777777,30.428571428571427
672,Portugal,Petite Verdot,90.5,33.0
673,Portugal,Pinot Noir,88.36842105263158,31.933333333333334
674,Portugal,Port,89.9176276771005,68.26712328767124
675,Portugal,Portuguese Red,88.81062449310625,24.819216757741348
676,Portugal,Portuguese Rosé,84.625,17.09090909090909
677,Portugal,Portuguese Sparkling,86.07692307692308,17.72
678,Portugal,Portuguese White,86.93097497842967,15.344827586206897
679,Portugal,Rabigato,89.0,34.0
680,Portugal,Ramisco,93.0,495.0
681,Portugal,Red Blend,88.57142857142857,21.571428571428573
682,Portugal,Rhône-style Red Blend,92.66666666666667,45.0
683,Portugal,Riesling,87.5,19.666666666666668
684,Portugal,Rosado,86.0,13.0
685,Portugal,Rosé,84.55744680851063,11.946078431372548
686,Portugal,Sauvignon Blanc,86.52,18.869565217391305
687,Portugal,Sercial,94.0,50.0
688,Portugal,Shiraz,90.33333333333333,13.0
689,Portugal,Siria,87.33333333333333,14.272727272727273
690,Portugal,Sousão,88.125,36.75
691,Portugal,Sparkling Blend,87.11111111111111,22.625
692,Portugal,Syrah,88.51020408163265,30.692307692307693
693,Portugal,Sémillon,89.75,31.0
694,Portugal,Terrantez,95.0,236.0
695,Portugal,Tinta Barroca,86.75,17.666666666666668
696,Portugal,Tinta Cao,90.0,14.0
697,Portugal,Tinta Francisca,90.33333333333333,50.0
698,Portugal,Tinta Miúda,87.66666666666667,18.666666666666668
699,Portugal,Tinta Negra Mole,92.0,112.0
700,Portugal,Tinta Roriz,88.0909090909091,29.4
701,Portugal,Touriga Franca,88.57142857142857,27.0
702,Portugal,Touriga Nacional,89.10497237569061,28.74025974025974
703,Portugal,Touriga Nacional Blend,88.82352941176471,19.833333333333332
704,Portugal,Touriga Nacional-Cabernet Sauvignon,88.07142857142857,14.038461538461538
705,Portugal,Trajadura,86.0,7.0
706,Portugal,Trincadeira,87.65384615384616,19.833333333333332
707,Portugal,Verdelho,87.17647058823529,23.76923076923077
708,Portugal,Vinhão,86.25,22.0
709,Portugal,Viognier,88.46666666666667,24.76923076923077
711,Portugal,Viosinho,88.4,23.4
713,Portugal,White Blend,87.625,21.25
715,South Africa,Bordeaux-style Red Blend,90.47191011235955,51.1125
716,South Africa,Bordeaux-style White Blend,90.5,55.0
717,South Africa,Cabernet,87.0,12.0
718,South Africa,Cabernet Blend,88.0,46.5
719,South Africa,Cabernet Franc,90.0,27.5
720,South Africa,Cabernet Sauvignon,88.17424242424242,23.233333333333334
721,South Africa,Cabernet Sauvignon-Cabernet Franc,87.0,26.0
722,South Africa,Cabernet Sauvignon-Merlot,86.7,18.1
723,South Africa,Cabernet Sauvignon-Merlot-Shiraz,87.0,10.0
724,South Africa,Cabernet Sauvignon-Shiraz,90.25,18.0
725,South Africa,Champagne Blend,87.0,16.75
726,South Africa,Chardonnay,88.38095238095238,22.59235668789809
727,South Africa,Chardonnay-Viognier,87.0,10.0
728,South Africa,Chenin Blanc,87.85082872928177,19.881656804733726
729,South Africa,Chenin Blanc-Sauvignon Blanc,84.83333333333333,10.5
730,South Africa,Chenin Blanc-Viognier,90.0,35.0
731,South Africa,Cinsault,90.5,58.0
733,South Africa,Fumé Blanc,88.0,13.0
734,South Africa,G-S-M,89.0,43.5
735,South Africa,Gewürztraminer,89.0,18.0
736,South Africa,Grenache-Syrah,91.0,65.0
737,South Africa,Merlot,86.52941176470588,18.647058823529413
739,South Africa,Merlot-Cabernet Sauvignon,87.33333333333333,11.0
740,South Africa,Merlot-Shiraz,86.0,18.0
741,South Africa,Moscato,83.66666666666667,7.333333333333333
742,South Africa,Mourvèdre,87.0,13.0
743,South Africa,Muscat,94.5,70.0
744,South Africa,Pinot Noir,89.03333333333333,39.82608695652174
745,South Africa,Pinotage,87.41129032258064,23.89075630252101
746,South Africa,Pinotage-Merlot,84.0,10.0
747,South Africa,Red Blend,88.82795698924731,26.876543209876544
748,South Africa,Rhône-style Red Blend,91.21428571428571,46.18181818181818
749,South Africa,Riesling,87.875,18.375
750,South Africa,Rosé,85.62962962962963,12.88888888888889
753,South Africa,Sauvignon Blanc,86.93854748603351,15.850574712643677
754,South Africa,Sauvignon Blanc-Chenin Blanc,87.0,13.0
755,South Africa,Sauvignon Blanc-Semillon,90.5,31.0
756,South Africa,Semillon-Sauvignon Blanc,90.5,30.0
757,South Africa,Shiraz,87.88172043010752,28.285714285714285
758,South Africa,Shiraz-Cabernet Sauvignon,87.0,20.75
759,South Africa,Shiraz-Mourvèdre,88.0,16.0
760,South Africa,Sparkling Blend,86.41666666666667,25.333333333333332
761,South Africa,Syrah,89.51923076923077,37.229166666666664
762,South Africa,Syrah-Cabernet,82.0,10.0
763,South Africa,Syrah-Cabernet Sauvignon,91.0,75.0
764,South Africa,Syrah-Mourvèdre,88.0,13.0
765,South Africa,Syrah-Viognier,89.0,20.0
766,South Africa,Sémillon,90.0,32.333333333333336
767,South Africa,Tinta Barroca,91.0,53.0
768,South Africa,Viognier,87.45,20.0
769,South Africa,Viognier-Grenache Blanc,87.0,35.0
770,South Africa,White Blend,88.125,21.94736842105263
771,Spain,Airen,81.66666666666667,9.0
772,Spain,Albariño,87.46470588235294,20.640117994100294
773,Spain,Alicante Bouschet,83.0,10.0
774,Spain,Babosa Negro,92.0,45.0
775,Spain,Bobal,86.0,21.52173913043478
776,Spain,Bobal-Cabernet Sauvignon,84.0,9.0
777,Spain,Bordeaux-style Red Blend,86.88888888888889,44.666666666666664
778,Spain,Cabernet Blend,89.0,89.8
779,Spain,Cabernet Franc,86.0,28.0
780,Spain,Cabernet Sauvignon,87.20754716981132,31.75
781,Spain,Cabernet Sauvignon-Cabernet Franc,89.0,30.0
782,Spain,Cabernet Sauvignon-Merlot,88.44444444444444,16.444444444444443
783,Spain,Cabernet Sauvignon-Shiraz,90.0,40.0
784,Spain,Cabernet Sauvignon-Syrah,89.66666666666667,30.333333333333332
785,Spain,Cabernet Sauvignon-Tempranillo,86.14285714285714,14.5
786,Spain,Carignan,93.2,173.3
787,Spain,Carignan-Grenache,89.16666666666667,32.333333333333336
788,Spain,Carineña,86.2,22.2
789,Spain,Cariñena-Garnacha,89.5,31.0
790,Spain,Champagne Blend,83.84615384615384,10.76923076923077
791,Spain,Chardonnay,84.83783783783784,19.788732394366196
792,Spain,Chardonnay-Sauvignon Blanc,87.0,12.0
793,Spain,Doña Blanca,84.0,53.0
794,Spain,Forcallà,83.0,27.0
795,Spain,Garnacha,85.84984025559105,22.96153846153846
796,Spain,Garnacha Blanca,86.13513513513513,18.45945945945946
797,Spain,Garnacha Blend,87.5,19.0
798,Spain,Garnacha Tintorera,87.125,16.75
799,Spain,Garnacha-Cabernet,85.0,13.0
800,Spain,Garnacha-Cariñena,93.0,57.0
801,Spain,Garnacha-Monastrell,87.0,11.666666666666666
802,Spain,Garnacha-Syrah,84.61538461538461,13.23076923076923
803,Spain,Garnacha-Tempranillo,86.33333333333333,11.0
804,Spain,Godello,86.91358024691358,22.506493506493506
805,Spain,Graciano,88.03333333333333,53.37931034482759
806,Spain,Grenache,86.3913043478261,15.391304347826088
807,Spain,Grenache Blanc,86.83333333333333,26.5
808,Spain,Grenache Blend,84.66666666666667,12.666666666666666
809,Spain,Grenache-Carignan,89.4,30.1
810,Spain,Grenache-Syrah,88.0,13.333333333333334
811,Spain,Hondarrabi Zuri,86.17647058823529,21.176470588235293
812,Spain,Jaen,86.0,20.0
813,Spain,Listán Negro,87.66666666666667,28.333333333333332
814,Spain,Macabeo,85.43478260869566,17.782608695652176
815,Spain,Macabeo-Chardonnay,85.0,11.75
816,Spain,Macabeo-Moscatel,85.0,8.0
817,Spain,Malvar,81.0,12.0
818,Spain,Malvasia,84.5,18.5
819,Spain,Malvasia-Viura,85.0,17.666666666666668
820,Spain,Mataro,90.0,40.0
821,Spain,Maturana,86.5,57.5
822,Spain,Mazuelo,87.75,78.25
823,Spain,Mencía,88.74157303370787,28.09826589595376
824,Spain,Merlot,84.93333333333334,17.466666666666665
825,Spain,Merlot-Cabernet Sauvignon,86.0,16.5
826,Spain,Merseguera-Sauvignon Blanc,85.0,9.0
827,Spain,Meseguera,91.0,35.0
828,Spain,Monastrell,87.04285714285714,19.489208633093526
829,Spain,Monastrell-Petit Verdot,88.0,19.5
830,Spain,Monastrell-Syrah,86.23809523809524,18.761904761904763
831,Spain,Moscatel,88.05555555555556,32.638888888888886
832,Spain,Moscatel de Alejandría,85.33333333333333,18.666666666666668
833,Spain,Moscato,83.81818181818181,11.909090909090908
834,Spain,Muscat,87.125,17.625
835,Spain,Muscat of Alexandria,91.0,26.0
836,Spain,Palomino,89.23529411764706,37.94117647058823
837,Spain,Pansa Blanca,85.57142857142857,17.785714285714285
838,Spain,Paralleda,83.0,11.0
839,Spain,Parraleta,86.0,14.0
840,Spain,Pedro Ximénez,90.85714285714286,35.51428571428571
841,Spain,Petit Verdot,89.5,54.2
842,Spain,Petite Verdot,86.5,40.0
843,Spain,Picapoll,82.0,21.0
844,Spain,Pinot Noir,87.0,19.818181818181817
845,Spain,Premsal,83.0,15.0
846,Spain,Prieto Picudo,86.13333333333334,39.4
847,Spain,Red Blend,88.15403422982885,35.30816831683168
848,Spain,Rhône-style Red Blend,85.0,15.5
849,Spain,Riesling,82.0,20.0
850,Spain,Rosado,84.61971830985915,13.072463768115941
851,Spain,Rosé,84.85333333333334,12.60135135135135
852,Spain,Rufete,85.5,28.5
853,Spain,Sauvignon,85.6,15.2
854,Spain,Sauvignon Blanc,84.36363636363636,13.757575757575758
855,Spain,Sauvignon Blanc-Chardonnay,84.5,12.5
856,Spain,Sauvignon Blanc-Verdejo,84.75,12.25
857,Spain,Sherry,89.82474226804123,36.08247422680412
858,Spain,Shiraz,87.5,13.5
859,Spain,Shiraz-Cabernet Sauvignon,88.0,36.0
860,Spain,Shiraz-Tempranillo,82.0,8.5
861,Spain,Sparkling Blend,86.8169014084507,19.965376782077392
862,Spain,Syrah,88.54285714285714,31.029411764705884
863,Spain,Syrah-Grenache,85.5,16.333333333333332
864,Spain,Syrah-Merlot,89.0,20.0
865,Spain,Syrah-Petit Verdot,90.0,35.0
866,Spain,Syrah-Tempranillo,87.0,15.0
867,Spain,Tempranillo,87.53883834849545,31.020567375886525
868,Spain,Tempranillo Blanco,83.66666666666667,29.11111111111111
869,Spain,Tempranillo Blend,88.26632302405498,35.99653379549393
870,Spain,Tempranillo-Cabernet Sauvignon,86.43137254901961,50.3921568627451
871,Spain,Tempranillo-Garnacha,85.06666666666666,11.3
872,Spain,Tempranillo-Merlot,85.28571428571429,19.428571428571427
873,Spain,Tempranillo-Shiraz,84.75,14.25
874,Spain,Tempranillo-Syrah,82.0,12.0
875,Spain,Tinta Fina,87.9090909090909,30.0
876,Spain,Tinta de Toro,89.59036144578313,45.35757575757576
877,Spain,Tinta del Pais,95.0,47.5
878,Spain,Tinta del Toro,86.33333333333333,23.333333333333332
879,Spain,Tinto Fino,89.88,64.25
880,Spain,Tinto Velasco,85.0,9.0
881,Spain,Tinto del Pais,87.88888888888889,39.44444444444444
882,Spain,Touriga Nacional Blend,90.0,144.0
883,Spain,Treixadura,87.33333333333333,17.0
884,Spain,Trepat,87.8,21.4
885,Spain,Verdejo,86.34827586206896,16.177700348432055
886,Spain,Verdejo-Sauvignon Blanc,85.0,9.8
887,Spain,Verdejo-Viura,85.72727272727273,10.818181818181818
888,Spain,Verdil,86.0,18.0
889,Spain,Verdosilla,84.0,17.0
890,Spain,Vidadillo,89.0,24.0
891,Spain,Viura,85.25233644859813,15.295238095238096
892,Spain,Viura-Chardonnay,84.6923076923077,10.76923076923077
893,Spain,Viura-Verdejo,84.5,12.0
894,Spain,White Blend,86.16161616161617,20.24914675767918
895,Spain,Xarel-lo,85.71428571428571,16.047619047619047
896,US,Abouriou,85.0,75.0
897,US,Aglianico,88.33333333333333,31.466666666666665
898,US,Albariño,88.4885496183206,22.976744186046513
899,US,Alicante Bouschet,88.33333333333333,27.666666666666668
900,US,Aligoté,87.0,21.1
901,US,Alvarelhão,85.0,18.0
902,US,Alvarinho,84.0,19.0
903,US,Apple,89.0,25.0
904,US,Arneis,88.06666666666666,21.533333333333335
905,US,Auxerrois,89.0,22.363636363636363
906,US,Baco Noir,86.125,25.75
907,US,Barbera,87.66386554621849,27.61764705882353
908,US,Barbera-Nebbiolo,87.0,30.0
909,US,Black Monukka,91.0,25.0
910,US,Black Muscat,88.18181818181819,21.636363636363637
911,US,Blanc du Bois,85.0,27.0
912,US,Blaufränkisch,88.3125,26.6875
913,US,Bordeaux-style Red Blend,89.69133771929825,58.03137039075399
914,US,Bordeaux-style White Blend,88.4047619047619,30.071428571428573
915,US,Cabernet,89.0,19.0
916,US,Cabernet Blend,88.71428571428571,57.95238095238095
917,US,Cabernet Franc,87.95613160518445,34.53753753753754
918,US,Cabernet Franc-Cabernet Sauvignon,86.0,22.0
919,US,Cabernet Franc-Lemberger,87.0,20.0
920,US,Cabernet Franc-Merlot,88.6842105263158,45.11764705882353
921,US,Cabernet Merlot,84.5,12.875
922,US,Cabernet Pfeffer,87.5,30.0
923,US,Cabernet Sauvignon,89.02529049897471,54.78887362637363
924,US,Cabernet Sauvignon-Barbera,84.0,45.0
925,US,Cabernet Sauvignon-Cabernet Franc,89.0,54.666666666666664
926,US,Cabernet Sauvignon-Carmenère,87.0,85.0
927,US,Cabernet Sauvignon-Malbec,89.33333333333333,36.666666666666664
928,US,Cabernet Sauvignon-Merlot,88.16216216216216,37.432432432432435
929,US,Cabernet Sauvignon-Sangiovese,89.0,42.0
930,US,Cabernet Sauvignon-Shiraz,83.0,9.0
931,US,Cabernet Sauvignon-Syrah,89.9090909090909,44.72727272727273
932,US,Cabernet Sauvignon-Tempranillo,87.0,18.0
933,US,Cabernet-Shiraz,86.0,17.0
934,US,Cabernet-Syrah,89.0,25.833333333333332
935,US,Carignan,89.33333333333333,33.22222222222222
936,US,Carignan-Grenache,88.5,27.5
937,US,Carignane,88.83333333333333,27.24137931034483
938,US,Carmenère,87.89583333333333,33.91489361702128
939,US,Cayuga,84.5,16.0
940,US,Chambourcin,83.72222222222223,17.666666666666668
941,US,Champagne Blend,88.11224489795919,33.95918367346939
942,US,Chancellor,80.5,16.0
943,US,Charbono,88.1923076923077,34.30769230769231
944,US,Chardonel,83.0,11.0
945,US,Chardonnay,88.44361123364212,30.637383729514248
946,US,Chardonnay-Albariño,91.5,31.0
947,US,Chardonnay-Pinot Blanc,88.0,26.0
948,US,Chardonnay-Riesling,87.0,24.0
949,US,Chardonnay-Semillon,85.66666666666667,21.333333333333332
950,US,Chardonnay-Viognier,85.25,22.75
951,US,Chelois,85.0,22.5
952,US,Chenin Blanc,88.35245901639344,20.09917355371901
953,US,Chenin Blanc-Viognier,87.33333333333333,14.166666666666666
954,US,Cinsault,89.51612903225806,27.70967741935484
955,US,Clairette,89.0,30.0
956,US,Claret,88.18181818181819,50.06060606060606
957,US,Colombard,88.25,22.833333333333332
958,US,Cortese,85.0,18.0
959,US,Counoise,88.83333333333333,31.083333333333332
960,US,Debit,89.0,130.0
961,US,Diamond,86.0,10.0
962,US,Dolcetto,87.24,26.54
963,US,Dornfelder,90.0,35.4
964,US,Edelzwicker,88.33333333333333,20.0
965,US,Falanghina,89.0,29.0
966,US,Fiano,88.44444444444444,21.333333333333332
967,US,Fumé Blanc,87.98529411764706,22.955882352941178
968,US,G-S-M,88.85034013605443,35.78231292517007
969,US,Gamay,87.2,32.5
970,US,Gamay Noir,87.7,23.42105263157895
971,US,Garnacha,87.84615384615384,28.307692307692307
972,US,Garnacha Blanca,89.0,28.0
973,US,Gewürztraminer,87.8103448275862,19.153086419753087
974,US,Gewürztraminer-Riesling,89.0,30.0
975,US,Graciano,89.76923076923077,30.53846153846154
976,US,Greco,87.0,20.0
977,US,Grenache,89.0806142034549,35.21730769230769
978,US,Grenache Blanc,88.8360655737705,24.875
979,US,Grenache Blend,89.75,37.75
980,US,Grenache Noir,90.5,38.0
981,US,Grenache-Carignan,90.6,26.4
982,US,Grenache-Mourvèdre,87.2,27.8
983,US,Grenache-Syrah,89.16,40.52
984,US,Grüner Veltliner,88.46,21.721649484536083
985,US,Jacquez,85.0,34.333333333333336
986,US,Johannisberg Riesling,86.11111111111111,8.875
987,US,Kerner,90.0,25.0
988,US,Lagrein,87.71428571428571,35.285714285714285
989,US,Lemberger,87.19354838709677,19.419354838709676
990,US,Madeira Blend,88.0,42.0
991,US,Madeleine Angevine,85.5,17.5
992,US,Malbec,88.39664804469274,35.388367729831145
993,US,Malbec-Cabernet Sauvignon,92.0,55.0
994,US,Malbec-Merlot,87.33333333333333,28.0
995,US,Malbec-Syrah,87.0,78.0
996,US,Malbec-Tannat,91.0,50.0
997,US,Malvasia,85.0,28.0
998,US,Malvasia Bianca,88.6923076923077,22.0
999,US,Marquette,84.5,18.0
1000,US,Marsanne,87.58974358974359,27.82051282051282
1001,US,Marsanne-Roussanne,87.11764705882354,27.0
1002,US,Marsanne-Viognier,86.5,27.5
1003,US,Mataro,87.33333333333333,22.666666666666668
1004,US,Melon,88.0,15.0
1005,US,Meritage,87.50393700787401,35.41897233201581
1006,US,Merlot,87.3868455214193,28.765652173913043
1007,US,Merlot-Cabernet,88.83333333333333,24.0
1008,US,Merlot-Cabernet Franc,88.94444444444444,39.05555555555556
1009,US,Merlot-Cabernet Sauvignon,88.57142857142857,52.714285714285715
1010,US,Merlot-Malbec,87.0,85.0
1011,US,Merlot-Petite Verdot,83.0,20.0
1012,US,Mission,89.42857142857143,53.42857142857143
1013,US,Monastrell,91.0,29.142857142857142
1014,US,Mondeuse,87.0,30.0
1015,US,Montepulciano,87.13636363636364,31.363636363636363
1016,US,Morio Muskat,87.0,17.0
1017,US,Moscato,86.30188679245283,14.10377358490566
1018,US,Moscato Giallo,94.0,16.0
1019,US,Mourvèdre,89.14485981308411,34.556603773584904
1020,US,Mourvèdre-Syrah,90.5,56.5
1021,US,Muscadine,85.5,22.5
1022,US,Muscat,87.9090909090909,19.181818181818183
1023,US,Muscat Blanc,88.27272727272727,21.272727272727273
1024,US,Muscat Blanc à Petits Grains,87.0,20.0
1025,US,Muscat Canelli,87.5,20.555555555555557
1026,US,Muscat Hamburg,88.0,22.0
1027,US,Muscat d'Alexandrie,87.0,25.0
1028,US,Muskat,91.0,28.0
1029,US,Muskat Ottonel,86.28571428571429,20.571428571428573
1030,US,Müller-Thurgau,85.0,14.0
1031,US,Nebbiolo,88.20689655172414,36.267857142857146
1032,US,Negrette,85.5,32.5
1033,US,Negroamaro,90.0,50.0
1034,US,Nero d'Avola,88.0,29.0
1035,US,Norton,84.0,25.3125
1036,US,Orange Muscat,88.2,20.05
1037,US,Palomino,86.0,32.0
1038,US,Petit Manseng,85.77777777777777,26.27777777777778
1039,US,Petit Verdot,88.1131221719457,39.10045662100457
1040,US,Petite Sirah,88.21285140562249,31.601342281879194
1041,US,Petite Verdot,88.84,47.16
1042,US,Picpoul,89.875,28.25
1043,US,Pinot Auxerrois,89.0,22.0
1044,US,Pinot Blanc,88.04081632653062,20.84102564102564
1045,US,Pinot Blanc-Chardonnay,86.0,21.0
1046,US,Pinot Blanc-Pinot Noir,85.0,16.0
1047,US,Pinot Blanc-Viognier,87.0,19.0
1048,US,Pinot Grigio,85.89196675900277,15.077777777777778
1049,US,Pinot Grigio-Sauvignon Blanc,87.0,35.0
1050,US,Pinot Gris,88.00806451612904,18.609501738122827
1051,US,Pinot Gris-Gewürztraminer,90.0,20.0
1052,US,Pinot Meunier,88.25925925925925,31.962962962962962
1053,US,Pinot Nero,86.0,59.0
1054,US,Pinot Noir,89.60789074355084,44.59064624124987
1055,US,Pinot Noir-Syrah,90.5,52.0
1056,US,Pinot-Chardonnay,89.5,29.166666666666668
1057,US,Pinotage,87.25,29.416666666666668
1058,US,Piquepoul Blanc,88.0,13.0
1059,US,Port,87.9,39.35
1060,US,Primitivo,87.29807692307692,28.097087378640776
1061,US,Prosecco,82.0,28.0
1062,US,Red Blend,87.85094212651413,33.65196743554952
1063,US,Refosco,89.0,28.0
1064,US,Rhône-style Red Blend,89.36507936507937,36.94927536231884
1065,US,Rhône-style White Blend,88.6405529953917,28.02777777777778
1066,US,Ribolla Gialla,85.5,27.0
1067,US,Riesling,87.9560752994866,19.436676217765044
1068,US,Riesling-Chardonnay,94.0,40.0
1069,US,Rkatsiteli,85.54545454545455,22.181818181818183
1070,US,Rosado,87.0,28.0
1071,US,Rosato,88.2,20.6
1072,US,Rosé,87.23373759647188,20.18777777777778
1073,US,Roussanne,88.45333333333333,27.30666666666667
1074,US,Roussanne-Grenache Blanc,91.0,16.0
1075,US,Roussanne-Marsanne,86.0,24.0
1076,US,Roussanne-Viognier,89.15384615384616,31.307692307692307
1077,US,Sagrantino,87.25,47.5
1078,US,Sangiovese,87.24942263279446,28.289044289044288
1079,US,Sangiovese Cabernet,88.5,47.75
1080,US,Sangiovese Grosso,87.0,45.0
1081,US,Sangiovese-Cabernet Sauvignon,86.0,30.0
1082,US,Sangiovese-Syrah,88.2,50.4
1083,US,Saperavi,85.75,30.0
1084,US,Sauvignon Blanc,87.47480351363846,20.551067780872796
1085,US,Sauvignon Blanc-Chenin Blanc,87.0,16.0
1086,US,Sauvignon Blanc-Semillon,88.62162162162163,31.2972972972973
1087,US,Sauvignon Gris,92.0,40.0
1088,US,Sauvignon Musqué,87.0,18.0
1089,US,Scheurebe,90.0,50.0
1090,US,Semillon-Chardonnay,85.75,13.5
1091,US,Semillon-Sauvignon Blanc,89.42105263157895,33.0
1092,US,Seyval Blanc,84.1875,19.6875
1093,US,Sherry,89.66666666666667,22.0
1094,US,Shiraz,85.95744680851064,25.872340425531913
1095,US,Siegerrebe,84.0,15.0
1096,US,Silvaner,86.0,14.0
1097,US,Souzao,86.66666666666667,28.0
1098,US,Sparkling Blend,88.96312684365782,36.01032448377581
1099,US,St. Vincent,85.0,24.0
1100,US,Symphony,85.4,15.8
1101,US,Syrah,89.43156596794081,38.91553217821782
1102,US,Syrah-Cabernet,88.14285714285714,37.857142857142854
1103,US,Syrah-Cabernet Franc,90.0,69.0
1104,US,Syrah-Cabernet Sauvignon,89.60714285714286,49.285714285714285
1105,US,Syrah-Grenache,89.3529411764706,35.5
1106,US,Syrah-Grenache-Viognier,90.0,45.0
1107,US,Syrah-Merlot,88.0,59.0
1108,US,Syrah-Mourvèdre,88.3,37.0
1109,US,Syrah-Petit Verdot,94.0,49.0
1110,US,Syrah-Petite Sirah,89.75,40.6875
1111,US,Syrah-Tempranillo,90.16666666666667,44.0
1112,US,Syrah-Viognier,89.625,47.625
1113,US,Sémillon,88.5952380952381,24.88095238095238
1114,US,Tannat,88.27450980392157,37.411764705882355
1115,US,Tannat-Syrah,93.0,40.0
1116,US,Tempranillo,87.66666666666667,33.00291545189504
1117,US,Tempranillo Blend,87.16666666666667,26.166666666666668
1118,US,Tempranillo-Cabernet Sauvignon,92.0,77.5
1119,US,Tempranillo-Garnacha,87.0,27.0
1120,US,Tempranillo-Syrah,91.0,23.0
1121,US,Teroldego,88.125,31.125
1122,US,Tinta Amarela,90.0,30.0
1123,US,Tinta Madeira,89.0,45.0
1124,US,Tocai Friulano,87.46666666666667,20.4
1125,US,Torrontés,89.8,26.8
1126,US,Touriga,89.33333333333333,45.666666666666664
1127,US,Touriga Nacional,86.89473684210526,28.842105263157894
1128,US,Touriga Nacional Blend,93.0,16.0
1129,US,Traminette,84.6,15.1
1130,US,Trebbiano,86.33333333333333,21.0
1131,US,Trousseau Gris,90.0,23.666666666666668
1132,US,Ugni Blanc,90.66666666666667,27.0
1133,US,Valdiguié,87.0,19.0
1134,US,Valvin Muscat,87.0,13.0
1135,US,Verdejo,85.75,18.25
1136,US,Verdelho,87.08333333333333,17.708333333333332
1137,US,Vermentino,87.76086956521739,22.347826086956523
1138,US,Vidal,85.66666666666667,18.333333333333332
1139,US,Vidal Blanc,86.175,25.4
1140,US,Vignoles,85.45454545454545,18.0
1141,US,Viognier,87.8126582278481,24.68702290076336
1142,US,Viognier-Chardonnay,86.0,37.0
1143,US,Viognier-Gewürztraminer,86.0,15.0
1144,US,Viognier-Grenache Blanc,91.0,30.5
1145,US,Viognier-Marsanne,88.0,22.0
1146,US,Viognier-Roussanne,88.0,25.714285714285715
1147,US,Viognier-Valdiguié,84.0,17.0
1148,US,White Blend,87.153125,21.629337539432175
1149,US,White Port,92.0,40.0
1150,US,White Riesling,88.58333333333333,15.916666666666666
1151,US,Zinfandel,87.82810770933234,29.492421441774493
1152,US,Zweigelt,88.14285714285714,27.857142857142858
